numero_questao;gabarito;NU_PARAM_A;nu_param_B;NU_PARAM_C;ANO;enunciado;alternativas
46;C;5.10044;1.511;0.13957;2018;No Segundo Congresso Internacional de Ciências Geográficas, em 1875, a que compareceram o presidente da República, o governador de Paris e o presidente da Assembleia, o discurso inaugural do almirante La Roucière-Le Noury expôs a atitude predominante no encontro: “Cavalheiros, a Providência nos ditou a obrigação de conhecer e conquistar a terra. Essa ordem suprema é um dos deveres imperiosos inscritos em nossas inteligências e nossas atividades. A geografia, essa ciência que inspira tão bela devoção e em cujo nome foram sacrificadas tantas vítimas, tornou-se a filosofia da terra”.No contexto histórico apresentado, a exaltação da ciência geográfica decorre do seu uso para o(a);"A: preservação cultural dos territórios ocupados; B: formação humanitária da sociedade europeia; C: catalogação de dados úteis aos propósitos colonialistas; D: desenvolvimento de técnicas matemáticas de construção de cartas; E: consolidação do conhecimento topográfico como campo acadêmico"
47;A;3.21792;1.6599;0.14834;2018;Os Cavaleiros de CristoA existência em Jerusalém de um hospital voltado para o alojamento e o cuidado dos peregrinos, assim como daqueles entre eles que estavam cansados ou doentes, fortaleceu o elo entre a obra de assistência e de caridade e a Terra Santa. Ao fazer, em 1113, do Hospital de Jerusalém um estabelecimento central da ordem, Pascoal II estimulava a filiação dos hospitalários do Ocidente a ele, sobretudo daqueles que estavam ligados à peregrinação na Terra Santa ou em outro lugar. A militarização do Hospital de Jerusalém não diminuiu a vocação caritativa primitiva, mas a fortaleceu.O acontecimento descrito vincula-se ao fenômeno ocidental do(a);"A: surgimento do monasticismo guerreiro, ocasionado pelas cruzadas; B: descentralização do poder eclesiástico, produzida pelo feudalismo; C: alastramento da peste bubônica, provocado pela expansão comercial; D: afirmação da fraternidade mendicante, estimulada pela reforma espiritual; E: criação das faculdades de medicina, promovida pelo renascimento urbano"
48;C;3.46765;1.30736;0.15603;2018;Na obra A sociedade contra o Estado, Pierre Clastres escreve:A tribo não possui um rei, mas um chefe que não é chefe de Estado. O que significa isso? Simplesmente que o chefe não dispõe de nenhuma autoridade, de nenhum poder de coerção, de nenhum meio de dar uma ordem. O chefe não é um comandante, as pessoas da tribo não têm nenhum dever de obediência. O espaço da chefia não é o lugar do poder. Essencialmente encarregado de eliminar conflitos que podem surgir entre indivíduos, famílias e linhagens, o chefe só dispõe, para restabelecer a ordem e a concórdia, do prestígio que lhe reconhece a sociedade. Mas evidentemente prestígio não significa poder, e os meios que o chefe detém para realizar sua tarefa de pacificador limitam-se ao uso exclusivo da palavra.O modelo político das sociedades discutidas no texto contrasta com o do Estado liberal burguês porque se baseia em:;"A: Imposição ideológica e normas hierárquicas; B: Determinação divina e soberania monárquica; C: Intervenção consensual e autonomia comunitária; D: Mediação jurídica e regras contratualistas; E: Gestão coletiva e obrigações tributárias"
49;D;2.67992;1.47683;0.11389;2018;Na obra Elogio da filosofia , Merleau-Ponty escreve:O filósofo reconhece-se pela posse inseparável do gosto da evidência e do sentido da ambiguidade. Quando se limita a suportar a ambiguidade, esta se chama equívoco. Sempre aconteceu que, mesmo aqueles que pretenderam construir uma filosofia absolutamente positiva, só conseguiram ser filósofos na medida em que, simultaneamente, se recusaram o direito de se instalar no saber absoluto. O que caracteriza o filósofo é o movimento que leva incessantemente do saber à ignorância, da ignorância ao saber, e um certo repouso neste movimento.O texto apresenta um entendimento acerca dos elementos constitutivos da atividade do filósofo, que se caracteriza por;"A: reunir os antagonismos das opiniões ao método dialético; B: ajustar a clareza do conhecimento ao inatismo das ideias; C: associar a certeza do intelecto à imutabilidade da verdade; D: conciliar o rigor da investigação à inquietude do questionamento; E: compatibilizar as estruturas do pensamento aos princípios fundamentais"
50;D;4.00369;1.3994;0.16074;2018;Esse ônibus relaciona-se ao ato praticado, em 1955, por Rosa Parks, apresentada em fotografia ao lado de Martin Luther King. O veículo alcançou o estatuto de obra museológica por si mbolizar o(a);"A: impacto do medo da corrida armamentista.; B: democratização do acesso à escola pública.; C: preconceito de gênero no transporte coletivo.; D: deflagração do movimento por igualdade civil.; E: eclosão da rebeldia no comportamento juvenil"
51;B;2.85915;1.35288;0.32615;2018;Na obra Suma Teológica , Tomás de Aquino escreve:Desde  que tenhamos compreendido o significado da palavra “Deus”, sabemos, de imediato, que Deus existe. Com efeito, essa palavra designa uma coisa de tal ordem que não podemos conceber nada que lhe seja maior. Ora, o que existe na realidade e no pensamento é maior do que o que existe apenas no pensamento. Donde se segue que o objeto designado pela palavra “Deus”, que existe no pensamento, desde que se entenda essa palavra, também existe na realidade. Por conseguinte, a existência de Deus é evidente.O texto apresenta uma elaboração teórica de Tomás de Aquino caract erizada por;"A: reiterar a ortodoxia religiosa contra os heréticos; B: sustentar racionalmente doutrina alicerçada na fé; C: explicar as virtudes teologais pela demonstração; D: flexibilizar a interpretação oficial dos textos sagrados; E: justificar pragm aticamente crença livre de dogmas"
52;D;4.41776;1.34319;0.14594;2018;TEXTO INa obra Leviatã , Thomas Hobbes escreve:Tudo aquilo que é válido para um tempo de guerra, em que todo homem é inimigo de todo homem, é válido também para o tempo durante o qual os homens vivem sem outra segurança senão a que lhes pode ser oferecida por sua própria força e invenção.TEXTO IINa obra Discurso sobre a origem e o fundamento da desigualdade entre os homens, Jean-Jacques Rousseau escreve:Não vamos concluir, com Hobbes que, por não ter nenhuma ideia de bondade, o homem seja naturalmente mau. Esse autor deveria dizer que, sendo o estado de natureza aquele em que o cuidado de nossa conservação é menos prejudicial à dos outros, esse estado era, por conseguinte, o mais próprio à paz e o mais conveniente ao gênero humano.Os trechos apresen tam divergências conceituais entre autores que sustentam um entendimento segundo o qual a igualdade entre os homens se dá em razão de uma;"A: predisposição ao conhecimento; B: submissão ao transcendente; C: tradição epistemológica; D: condição original; E: vocação política"
53;D;3.66124;1.90182;0.09097;2018;A globalização como reterritorializaçãoFoi-se o tempo em que era possível mostrar um mundo econômico organizado em camadas bem definidas, onde grandes centros urbanos se ligavam, por si próprios, a economias adjacentes “lentas”, com o ritmo muito mais rápido do comércio e das finanças de longo alcance. Hoje tudo ocorre como se essas camadas sobrepostas estivessem mescladas e interpermeadas. Interdependências de curto e longo alcance não podem mais ser separadas umas das outras.A maior complexidade dos espaços urbanos contemporâneos ressaltada no texto explica-se pela;"A: expansão de áreas metropolitanas; B: emancipação de novos municípios; C: consolidação de domínios jurídicos; D: articulação de redes multiescalares; E: redefinição de regiões administrativa s.Descrição da Figura 1:Fotografia composta por um ônibus antigo exposto em um museu.Descrição da Figura 2:Fotografia em que Rosa Parks está ao lado de Martin Luther King"
54;E;4.22228;1.01525;0.18939;2018;TEXTO IDemonologia e colonização: séculos XVI-XVIIIE pois que em outra cousa nesta parte me não posso vingar do demônio, admoesto da parte da cruz de Cristo Jesus a todos que este lugar lerem, que deem a esta terra o nome que com tanta solenidade lhe foi posto, sob pena de a mesma cruz que nos há de ser mostrada no dia final, os acusar de mais devotos do pau-brasil que dela.TEXTO IICotidiano e vida privada na América portuguesaE deste modo se hão os povoadores, os quais, por mais arraigados que na terra estejam e mais ricos que sejam, tudo pretendem levar a Portugal, e, se as fazendas e bens que possuem souberam falar, também lhes houveram de ensinar a dizer como os papagaios, aos quais a primeira coisa que ensinam é: papagaio real para Portugal, porque tudo querem para lá.As críticas desses cronistas ao processo de colonização portuguesa na América estavam relacionadas à;"A: utilização do trabalho escravo; B: implantação de polos urbanos; C: devastação de áreas naturais; D: ocupação de terras indígenas; E: expropriação de riquezas locais"
55;C;4.79502;1.23908;0.18538;2018;Cuba e os russosOs soviéticos tinham chegado a Cuba muito cedo na década de 1960, esgueirando-se pela fresta aberta pela imediata hostilidade norte-americana em relação ao processo social revolucionário. Durante três décadas os soviéticos mantiveram sua presença em Cuba com bases e ajuda militar, mas, sobretudo, com todo o apoio econômico que, como saberíamos anos mais tarde, mantinha o país à tona, embora nos deixasse em dívida com os irmãos soviéticos – e depois com seus herdeiros russos – por cifras que chegavam a 32 bilhões de dólares . Ou seja, o que era oferecido em nome da solidariedade socialista tinha um preço definido.O texto indica que durante a Guerra Fria as relações internas em um mesmo bloco foram marcadas pelo(a);"A: busca da neutralidade política; B: estímulo à competição comercial; C: subordinação à potência hegemônica; D: elasticidade das fronteiras geográficas; E: compartilhamento de pesquisas científicas"
56;C;5.31599;1.31276;0.17992;2018;Geografia da riqueza, fome e meio ambienteA fome não é um problema técnico, pois ela não se deve à falta de alimentos, isso porque a fome convive hoje com as condições materiais para resolvê-la.O texto demonstra que o problema alimentar apresentado tem uma dimensão política por estar associado ao(à);"A: escala de produtividade regional; B: padrão de distribuição de renda; C: dificuldade de armazenamento de grãos; D: crescimento da população mundial; E: custo de escoamento dos produtos"
57;E;3.15291;0.99606;0.06127;2018;A poetisa Emília Freitas subiu a um palanque, nervosa, pedindo desculpas por não possuir títulos nem conhecimentos, mas orgulhosa ofereceu a sua pena que “sem ser hábil, é, em compensação, guiada pelo poder da vontade”. Maria Tomásia pronunciava orações que levantavam os ouvintes. A escritora Francisca Clotilde arrebatava, declamando seus poemas. Aquelas “angélicas senhoras”, “heroínas da caridade”, levantavam dinheiro para comprar liberdades e usavam de seu entusiasmo a fim de convencer os donos de escravos a fazerem alforrias gratuitamente.As práticas culturais narradas remetem, historicamente, ao movimento;"A: feminista; B: sufragista; C: socialista; D: republicano; E: abolicionista"
58;D;2.53136;2.02654;0.23962;2018;Discurso do presidente João Goulart  no comício da Central do Brasil A democracia que eles pretendem é a democracia dos privilégios, a democracia da intolerância e do ódio. A democracia que eles querem é para liquidar com a Petrobras, é a democracia dos monopólios, nacionais e internacionais, a democracia que pudesse lutar contra o povo. Ainda ontem eu afirmava que a democracia jamais poderia ser ameaçada pelo povo, quando o povo livremente vem para as praças – as praças que são do povo. Para as ruas – que são do povo.Em um momento de radicalização política, a retórica no discurso do presidente João Goulart, proferido no comício da Central do Brasil, buscava justificar a necessidade de;"A: conter a abertura econômica para conseguir a adesão das elites; B: impedir a ingerência externa para garantir a conservação de direitos; C: regulamentar os meios de comunicação para coibir os partidos de oposição; D: aprovar os projetos reformistas para atender a mobilização de setores trabalhistas; E: incrementar o processo de desestatização para diminuir a pressão da opinião pública"
59;E;1.42279;1.11463;0.05277;2018;Guerra declarada e paz fingida  na restauração portuguesaA rebelião luso-brasileira em Pernambuco começou a ser urdida em 1644 e explodiu em 13 de junho de 1645, dia de Santo Antônio. Uma das primeiras medidas de João Fernandes foi decretar nulas as dívidas que os rebeldes tinham com os holandeses. Houve grande adesão da “nobreza da terra”, entusiasmada com esta proclamação heroica.O desencadeamento dessa revolta na América portuguesa seiscentista foi o resultado do(a);"A: fraqueza bélica dos protestantes batavos; B: comércio transatlântico da África ocidental; C: auxílio financeiro dos negociantes flamengos; D: diplomacia internacional dos Estados ibéricos; E: interesse econômico dos senhores de engenho"
60;E;4.81178;0.85966;0.15211;2018;Quem realmente acolhe os refugiados?Em Beirute, no Líbano, quando perguntado sobre onde se encontram os refugiados sírios, a resposta do homem é imediata: “em todos os lugares e em lugar nenhum”. Andando ao acaso, não é raro ver, sob um prédio ou num canto de calçada, ao abrigo do vento, uma família refugiada em volta de uma refeição frugal posta sobre jornais como se fossem guardanapos. Também se vê de vez em quando uma tenda com a sigla ACNUR (Alto Comissariado das Nações Unidas para Refugiados), erguida em um dos raros terrenos vagos da capital.O cenário descrito aponta para uma crise humanitária que é explicada pelo processo de;"A: migração massiva de pessoas atingidas por catástrofe natural; B: hibridização cultural de grupos caracterizados por homogeneidade social; C: desmobilização voluntária de militantes cooptados por seitas extremistas; D: peregrinação religiosa de fiéis orientados por lideranças fundamentalistas; E: desterritorialização forçada de populações afetadas por conflitos armados"
61;E;1.59757;1.3002;0.05839;2018;TEXTO IPrograma do Partido Social Democrático (PSD) Capitais estrangeirosÉ indispensável manter clima propício à entrada de capitais estrangeiros. A manutenção desse clima recomenda a adoção de normas disciplinadoras dos investimentos e suas rendas, visando reter no país a maior parcela possível dos lucros auferidos.TEXTO IIPrograma da União Democrática Nacional (UDN)  O capitalApelar para o capital estrangeiro, necessário para os empreendimentos da reconstrução nacional e, sobretudo, para o aproveitamento das nossas reservas inexploradas, dando-lhe um tratamento equitativo e liberdade para a saída dos juros.Considerando as décadas de 1950 e 1960 no Brasil, os trechos dos programas do PSD e UDN convergiam na defesa da;"A: autonomia de atuação das multinacionais; B: descentralização da cobrança tributária; C: flexibilização das reservas cambiais; D: liberdade de remessa de ganhos; E: captação de recursos do  exterior"
62;B;3.84706;1.22482;0.17175;2018;Israel: a crise próximaA situação demográfica de Israel é muito particular. Desde 1967, a esquerda sionista afirma que Israel deveria se desfazer rapidamente da Cisjordânia e da Faixa de Gaza, argumentando a partir de uma lógica demográfica aparentemente inexorável. Devido à taxa de nascimento árabe ser muito mais elevada, a anexação dos territórios palestinos, formal ou informal, acarretaria dentro de uma ou duas gerações uma maioria árabe “entre o rio e o mar”.A preocupação apresentada no texto revela um aspecto da condução política desse Estado identificado ao(à);"A: abdicação da interferência militar em conflito local; B: busca da preeminência étnica sobre o espaço nacional; C: admissão da participação proativa em blocos regionais; D: rompimento com os interesses geopolíticos das potências globais; E: compromisso com as resoluções emanadas dos organismos internacionais"
63;C;2.26131;1.79644;0.22052;2018;Qual característica do meio físico é condição necessária para a distribuição espacial do fenômeno representado?;"A: Cobertura vegetal com porte arbóreo; B: Barreiras orográficas com altitudes elevadas; C: Pressão atmosférica com diferença acentuada; D: Superfície continental com refletividade intensa; E: Correntes marinhas com direções convergentes"
64;E;4.28812;1.05968;0.13154;2018;Feitiços e feiticeirosOutra importante manifestação das crenças e tradições africanas na Colônia eram os objetos conhecidos como “bolsas de mandinga”. A insegurança tanto física como espiritual gerava uma necessidade generalizada de proteção: das catástrofes da natureza, das doenças, da má sorte, da violência dos núcleos urbanos, dos roubos, das brigas, dos malefícios de feiticeiros etc. Também para trazer sorte, dinheiro e até atrair mulheres, o costume era corrente nas primeiras décadas do século XVIII, envolvendo não apenas escravos, mas também homens brancos.A prática histórico-cultural de matriz africana descrita no texto representava um(a);"A: expressão do valor das festividades da população pobre; B: ferramenta para submeter os cativos ao trabalho forçado; C: estratégia de subversão do poder da monarquia portuguesa; D: elemento de conversão dos escravos ao catolicismo romano; E: instrumento para minimizar o sentimento de desamparo social.Descrição de imagem:Mapa-múndi intitulado Trajetória de ciclones  tropicais  indicando maior concentração de ciclones na zona tropical sobre os oceanos Pacífico, Índico e Atlântico Norte"
65;A;1.62334;1.80121;0.14924;2018;Portos no contexto do meio técnicoOs portos sempre foram respostas ao comércio praticado em grande volume, que se dá via marítima, lacustre e fluvial, e sofreram adaptações, ou  modernizações, de acordo com um conjunto de fatores que vão desde a sua localização privilegiada frente a extensas hinterlândias, passando por sua conectividade com modernas redes de transportes que garantam acessibilidade, associados, no atual momento, à tecnologia, que os transformam em pontas de lança de uma economia globalizada que comprime o tempo em nome da produtividade e da competitividade.Uma mudança que permitiu aos portos adequarem-se às novas necessidades comerciais apontadas no texto foi a;"A: intensificação do uso de contêineres; B: compactação das áreas de estocagem; C: burocratização dos serviços de alfândega; D: redução da profundidade dos atracadouros; E: superação da especialização dos cargueiros"
66;E;2.04803;2.46656;0.19722;2018;O século XVIII é, por diversas razões, um século diferenciado. Razão e experimentação se aliavam no que se acreditava ser o verdadeiro caminho para o estabelecimento do conhecimento científico, por tanto tempo almejado. O fato, a análise e a indução passavam a ser parceiros fundamentais da razão. É ainda no século XVIII que o homem começa a tomar consciência de sua situação na história.No ambiente cultural do Antigo Regime, a discussão filosófica mencionada no texto tinha como uma de suas características a;"A: aproximação entre inovação e saberes antigos; B: conciliação entre revelação e metafísica platônica; C: vinculação entre escolástica e práticas de pesquisa; D: separação entre teologia e fundamentalismo religioso; E: contraposição entre clericalismo e liberdade de pensamento"
67;E;3.40619;1.45138;0.13922;2018;"Desc rição de imagem:Gráfico que demonstra a vazão em dois diferentes tipos de cobertura, urbanizada e não urbanizada. No eixo vertical informa-se o volume das Precipitações, em milímetro, e no eixo horizontal o Tempo, em hora.As precipitações nas primeiras três horas estão assim distribuídas: hora 1: quase 60 milímetros;  hora 2: mais de 60 milímetros e hora 3: aproximadamente 35 milímetros.A linha referente à Vazão em áreas urbanizadas  evolui de 0 até 10 milímetros na hora 1, alcançando seu pico de mais de 90 milímetros na hora 3 e daí descendo até chegar a 0 milímetro na hora 12, em valores aproximados.A linha referente à Vazão em áreas não urbanizadas  evolui de 0 até 5 milímetros na hora 1, alcançando seu pico de 70 milímetros na hora 6 e daí descendo até chegar a 0 milímetro na hora 15, em valores aproximados.A dinâmica hidrológica expressa no gráfico demonstra que o processo de urbanização promove a";"A: redução do volume dos rios; B: expansão do lençol freático; C: diminuição do índice de chuvas; D: retração do nível dos reservatórios; E: ampliação do escoamento superficial"
68;C;1.04948;1.41026;0.12765;2018;No livro A conquista da América, Todorov escreve:O encontro entre o Velho e o Novo Mundo, que a descoberta de Colombo tornou possível, é de um tipo muito particular: é uma guerra – ou a Conquista –, como se dizia então. E um mistério continua: o resultado do combate. Por que a vitória fulgurante, se os habitantes da América eram tão superiores em número aos adversários e lutaram no próprio solo? Se nos limitarmos à conquista do México – a mais espetacular, já que a civilização mexicana é a mais brilhante do mundo pré-colombiano – como explicar que Cortez, liderando centenas de homens, tenha conseguido tomar o reino de Montezuma, que dispunha de centenas de milhares de guerreiros?No contexto da conquista, conforme análise apresentada no texto, uma estratégia para superar as disparidades levantadas foi;"A: implantar as missões cristãs entre as comunidades submetidas; B: utilizar a superioridade física dos mercenários africanos; C: explorar as rivalidades existentes entre os povos nativos; D: introduzir vetores para a disseminação de doenças epidêmicas; E: comprar terras para o enfraquecimento das teocracias autóctones"
69;B;3.26045;2.04583;0.1747;2018;Carta do cartunista Henrique de Souza Filho, conhecido como HenfilSão Paulo, 10 de janeiro de 1979.Exmo. Sr. Presidente Ernesto Geisel.Considerando as instruções dadas por V. S. de que sejam negados os passaportes aos senhores Francisco Julião, Miguel Arraes, Leonel Brizola, Luis Prestes, Paulo Schilling, Gregório Bezerra, Márcio Moreira Alves e Paulo Freire.Considerando que, desde que nasci, me identifico plenamente com a pele, a cor dos cabelos, a cultura, o sorriso, as aspirações, a história e o sangue destes oito senhores.Considerando tudo isto, por imperativo de minha consciência, venho por meio desta devolver o passaporte que, negado a eles, me foi concedido pelos órgãos competentes de seu governo.No referido contexto histórico, a manifestação do cartunista Henfil expressava uma crítica ao(à);"A: censura moral das produções culturais; B: limite do processo de distensão política; C: interferência militar de países estrangeiros; D: representação social das agremiações partidárias; E: impedimento de eleição das assembleias estaduais"
70;B;6.64097;1.44488;0.19728;2018;A sociedade do espetáculoA primeira fase da dominação da economia sobre a vida social acarretou, no modo de definir toda realização humana, uma evidente degradação do ser para o ter.  A fase atual, em que a vida social está totalmente tomada pelos resultados da economia, leva a um deslizamento generalizado do ter para o parecer, do qual todo ter efetivo deve extrair seu prestígio imediato e sua função última.  Ao mesmo tempo, toda realidade individual tornou-se social, diretamente dependente da força social, moldada por ela.Uma manifestação contemporânea do fenômeno descrito no texto é o(a);"A: valorização dos conhecimentos acumulados; B: exposição nos meios de comunicação; C: aprofundamento da vivência espiritual; D: fortalecimento das relações interpessoais; E: reconhecimento na esfera artística"
71;E;3.42899;1.44729;0.1808;2018;"1910: a revolta dos marinheirosOs seus líderes terminaram presos e assassinados. A “marujada” rebelde foi inteiramente expulsa da esquadra. Num sentido histórico, porém, eles foram vitoriosos. A “chibata” e outros castigos físicos infamantes nunca mais foram oficialmente utilizados; a partir de então, os marinheiros – agora respeitados – teriam suas condições de vida melhoradas significativamente. Sem dúvida fizeram avançar a História.A eclosão desse conflito foi resultado da tensão acumulada  na Marinha do Brasil pelo(a)";"A: engajamento de civis analfabetos após a emergência de guerras externas; B: insatisfação de militares positivistas após a consolidação da política dos governadores; C: rebaixamento de comandantes veteranos após a repressão a insurreições milenaristas; D: sublevação das classes populares do campo após a instituição do alistamento obrigatório; E: manutenção da mentalidade escravocrata da oficialidade após a queda do regime imperial"
72;B;6.69428;1.39536;0.11947;2018;Indígenas foram os primeiros a alterar  o ecossistema da AmazôniaUma pesquisa realizada por Carolina Levis, especialista em ecologia do Instituto Nacional de Pesquisas da Amazônia, e publicada na revista Science, demonstra que as espécies vegetais domesticadas pelas civilizações pré-colombianas são as mais dominantes. “A domesticação de plantas na floresta começou há mais de 8 000 anos. Primeiro eram selecionadas as plantas com características que poderiam ser úteis ao homem e em um segundo momento era feita a propagação dessas espécies. Começaram a cultivá-las em pátios e jardins, por meio de um processo quase intuitivo de seleção”.O texto apresenta um novo olhar sobre a configuração da Floresta Amazônica por romper com a ideia de;"A: primazia de saberes locais; B: ausência de ação antrópica; C: insuficiência de recursos naturais; D: necessidade de manejo ambiental; E: predominância de práticas agropecuárias"
73;E;3.92803;1.08796;0.09238;2018;TEXTO INa obra A arte da guerra , Sun Tzu escreve:Quando um exército atravessa montanhas, florestas, zonas de precipícios, ou marcha ao longo de desfiladeiros, alagadiços ou pântanos, ou qualquer outro terreno onde a deslocação é árdua, está em terreno difícil. O terreno onde é apertado e a sua saída é tortuosa e onde uma pequena força inimiga pode atacar a minha, embora maior, é cercado.TEXTO IIO objetivo principal era encontrar e matar Osama Bin Laden. Onde ele se esconde? Não podemos esquecer a dificuldade de ocupação do país, que possui um relevo montanhoso, cheio de cavernas, onde fica fácil, para quem está acostumado com esse relevo, esconder-se.As situações apresentadas atestam a importância da relação entre a topografia e o(a);"A: construção de vias terrestres; B: preservação do meio ambiente; C: emprego de armamentos sofisticados; D: intimidação contínua da população local; E: domínio  cognitivo da configuração espacial"
74;D;2.83948;0.77569;0.10909;2018;Essa imagem foi impressa em cartilha escolar durante a vigência do Estado Novo com o intuito de;"A: destacar a sabedoria inata do líder governamental; B: atender a necessidade familiar de obediência infantil; C: promover o desenvolvimento consistente das atitudes solidárias; D: conquistar a aprovação política por meio do apelo carismático; E: estimular o interesse acadêmico por meio de exercícios intelectuais"
75;B;4.47836;2.02417;0.12905;2018;Os países industriais adotaram uma concepção diferente das relações familiares e do lugar da fecundidade na vida familiar e social. A preocupação de garantir uma transmissão integral das vantagens econômicas e sociais adquiridas tem como resultado uma ação voluntária de limitação do número de nascimentos.Em meados do século XX, o fenômeno social descrito contribuiu para o processo europeu de;"A: estabilização da pirâmide etária.; B: conclusão da transição demográfica.; C: contenção da entrada de imigrantes.; D: elevação do crescimento vegetativo.; E: formação de espaços superpovoados"
76;E;2.1655;0.79673;0.03448;2018;"Código Penal dos Estados Unidos do Brasil, 1890Dos crimes contra a saúde públicaArtigo 156. Exercer a medicina em qualquer dos seus ramos, a arte dentária ou a farmácia; praticar a homeopatia, a dosimetria, o hipnotismo ou magnetismo animal, sem estar habilitado segundo as leis e regulamentos.Artigo 158. Ministrar, ou simplesmente prescrever, como meio curativo para uso interno ou externo, e sob qualquer forma preparada, substância de qualquer dos reinos da natureza, fazendo, ou exercendo assim, o ofício denominado curandeiro.No início da Primeira República, a legislação penal vigente evidenciava o(a)";"A: negligência das religiões cristãs sobre as moléstias; B: desconhecimento das origens das crenças tradicionais; C: preferência da população pelos tratamentos alopáticos; D: abandono pela comunidade das práticas terapêuticas de magia; E: condenação pela ciência dos conhecimentos populares de cura.Descrição de imagem:Ilustração apresenta, no primeiro plano, Getúlio Vargas, sorridente, que, em um gesto de atenção, segura afetuosamente o queixo de uma menina uniformizada. No plano de fundo um menino uniformizado empunha uma bandeirinha do Brasil. Na parte inferior direita está destacado o seguinte texto:“Crianças!Aprendendo, no lar e nas escolas, o culto da  Pátria, trazeis para a vida prática todas as probabilidades de êxito.Só o amor constrói e, amando o Brasil, forçosamente o conduzireis aos mais altos destinos entre as Nações, realizando os desejos de engrandecimento aninhados em cada coração brasileiro."
77;D;1.97;2.55364;0.17706;2018;A presunção de que a superfície das chapadas e chapadões representa uma velha peneplanície é corroborada pelo fato de que ela é coberta por acumulações superficiais, tais como massas de areia, camadas de cascalhos e seixos e pela ocorrência generalizada de concreções ferruginosas que formam uma crosta laterítica, denominada “canga”.Qual tipo climático favorece o processo de alteração do solo descrito no texto?;"A: Árido, com déficit hídrico; B: Subtropical, com baixas temperaturas; C: Temperado, com invernos frios e secos; D: Tropical, com sazonalidade das chuvas; E: Equatorial, com pluviosidade abundante"
78;E;2.34409;1.51378;0.17552;2018;O marco inicial das discussões parlamentares em torno do direito do voto feminino são os debates que antecederam a Constituição de 1824, que não trazia qualquer impedimento ao exercício dos direitos políticos por mulheres, mas, por outro lado, também não era explícita quanto à possibilidade desse exercício. Foi somente em 1932, dois anos antes de estabelecido o voto aos 18 anos, que as mulheres obtiveram o direito de votar, o que veio a se concretizar no ano seguinte. Isso ocorreu a partir da aprovação do Código Eleitoral de 1932.Um dos fatores que contribuíram para a efetivação da medida mencionada no texto foi a;"A: superação da cultura patriarcal; B: influência de igrejas protestantes; C: pressão do governo revolucionário; D: fragilidade das oligarquias regionais; E: campanha de extensão da cidadania"
79;C;2.46746;1.6304;0.11594;2018;A quem não basta pouco, nada basta.Remanescente do período helenístico, essa máxima de Epicuro valoriza a seguinte virtude:;"A: Esperança, tida como confiança no porvir; B: Justiça, interpretada como retidão de caráter; C: Temperança, marcada pelo domínio da vontade; D: Coragem, definida como fortitude na dificuldade; E: Prudência, caracterizada pelo correto uso da razão"
80;B;3.51503;1.15937;0.19457;2018;Em algumas línguas de Moçambique não existe a palavra “pobre”. O indivíduo é pobre quando não tem parentes. A pobreza é a solidão, a ruptura das relações familiares que, na sociedade rural, servem de apoio à sobrevivência. Os consultores internacionais, especialistas em elaborar relatórios sobre a miséria, talvez não tenham em conta o impacto dramático da destruição dos laços familiares e das relações de entreajuda. Nações inteiras estão tornando-se “órfãs”, e a mendicidade parece ser a única via de uma agonizante sobrevivência.Em uma leitura que extrapola a esfera econômica, o escritor Mia Couto associa o acirramento da pobreza à;"A: afirmação das origens ancestrais; B: fragilização das redes de sociabilidade; C: padronização das políticas educacionais; D: fragmentação das propriedades agrícolas; E: globalização das tecnologias de comunicação"
81;E;2.82762;1.76871;0.08145;2018;TEXTO IAs fronteiras, ao mesmo tempo que se separam, unem e articulam, por elas passando discursos de legitimação da ordem social tanto quanto do conflito.TEXTO IIAs últimas barreiras ao livre movimento do dinheiro e das mercadorias e informação que rendem dinheiro andam de mãos dadas com a pressão para cavar novos fossos e erigir novas muralhas que barrem o movimento daqueles que em consequência perdem, física ou espiritualmente, suas raízes.A ressignificação contemporânea da ideia de fronteira compreende a;"A: liberação da circulação de pessoas; B: preponderância dos limites naturais; C: supressão dos obstáculos aduaneiros; D: desvalorização da noção de nacionalismo; E: seletividade dos mecanismos segregadores"
82;B;2.42169;1.66005;0.18248;2018;TEXTO IHá mais de duas décadas, os cientistas e ambientalistas têm alertado para o fato de a água doce ser um recurso escasso em nosso planeta. Desde o começo de 2014, o Sudeste do Brasil adquiriu uma clara percepção dessa realidade em função da seca.TEXTO IIDescrição de imagem:Esquema conceitual intitulado Dinâmicas  atmosféricas no Brasil apresentando os elementos relevantes ao transporte de umidade na América do Sul a leste dos Andes, em duas imagens, uma para um verão normal e outra para o verão seco de 2014.Na imagem relativa ao verão normal, apresenta-se sobre a Região Sudeste a Zona de Convergência do Atlântico Sul, resultante do encontro dos Jatos de Baixos Níveis, que vêm do Oceano Atlântico e passam pela Amazônia, do Fluxo do Oceano Atlântico, e das Frentes Frias provenientes do Sul. Nessa situação a área apresenta solo úmido.Na imagem relativa ao verão de 2014, no lugar onde ocorreria a Zona de Convergência na Região Sudeste, é apresentado um centro de anomalia de alta pressão atmosférica, representado na imagem por setas circulares. Ao invés de úmido, o solo é seco.De acordo com as informações apresentadas, a seca de 2014, no Sudeste, teve como causa natural o(a);"A: constituição de frentes quentes barrando as chuvas convectivas; B: formação de anticiclone impedindo a entrada de umidade; C: presença de nebulosidade na região de cordilheira; D: avanço de massas polares para o continente; E: baixa pressão atmosférica no litoral"
83;D;0.60114;3.21465;0.04218;2018;Na obra Confissões , Santo Agostinho escreve:Não é verdade que estão ainda cheios de velhice espiritual aqueles que nos dizem: “Que fazia Deus antes de criar o céu e a terra? Se estava ocioso e nada realizava”, dizem eles, “por que não ficou sempre assim no decurso dos séculos, abstendo-se, como antes, de toda ação? Se existiu em Deus um novo movimento, uma vontade nova para dar o ser a criaturas que nunca antes criara, como pode haver verdadeira eternidade, se n’Ele aparece uma vontade que antes não existia?”A questão da eternidade, tal como abordada pelo autor, é um exemplo da reflexão filosófica sobre a(s);"A: essência da ética cristã; B: natureza universal da tradição; C: certezas inabaláveis da experiência; D: abrangência da compreensão humana; E: interpretações da realidade circundante"
84;C;2.64093;0.97084;0.10439;2018;Na obra O tempo e o vento, Erico Verissimo escreve:Rodrigo havia sido indicado pela oposição para fiscal duma das mesas eleitorais. Pôs o revólver na cintura, uma caixa de balas no bolso e encaminhou-se para seu posto. A chamada dos eleitores começou às sete da manhã. Plantados junto da porta, os capangas do Trindade ofereciam cédulas com o nome dos candidatos oficiais a todos os eleitores que entravam. Estes, em sua quase totalidade, tomavam docilmente dos papeluchos e depositavam-nos na urna, depois de assinar a autêntica. Os que se recusavam a isso tinham seus nomes acintosamente anotados.Erico Verissimo tematiza em obra ficcional o seguinte aspecto característico da vida política durante a Primeira República:;"A: Identificação forçada de homens analfabetos; B: Monitoramento legal dos pleitos legislativos; C: Repressão explícita ao exercício de direito; D: Propaganda direcionada à população do campo; E: Cerceamento policial dos operários sindicalizados"
85;A;4.54182;0.94711;0.22956;2018;Uma história dos povos árabesEntão disse: “Este é o local onde construirei. Tudo pode chegar aqui pelo Eufrates, o Tigre e uma rede de canais. Só um lugar como este sustentará o exército e a população geral”. Assim ele traçou e destinou as verbas para a sua construção, e deitou o primeiro tijolo com sua própria mão, dizendo: “Em nome de Deus, e em louvor a Ele. Construí, e que Deus vos abençoe”.A decisão do califa Al-Mansur (754-775) de construir Bagdá nesse local orientou-se pela;"A: disponibilidade de rotas e terras férteis como base da dominação política; B: proximidade de áreas populosas como afirmação da superioridade bélica; C: submissão à hierarquia e à lei islâmica como controle do poder real; D: fuga da península arábica como afastamento dos conflitos sucessórios; E: ocupação de região fronteiriça como contenção do avanço mongol"
86;A;3.4662;1.3981;0.16469;2018;A política nacional de agroecologia e  produção orgânica no BrasilA agricultura ecológica e a produção orgânica de alimentos estão ganhando relevância em diferentes partes do mundo. No campo brasileiro, também acontece o mesmo. Impulsionado especialmente pela expansão da demanda de alimentos saudáveis, o setor cresce a cada ano, embora permaneça relativamente marginalizado na agenda de prioridades da política agrícola praticada no país.Que tipo de intervenção do poder público no espaço rural é capaz de reduzir a marginalização produtiva apresentada no texto?;"A: Subsidiar os cultivos de base familiar; B: Favorecer as práticas de fertilização química; C: Restringir o emprego de maquinário moderno; D: Controlar a expansão de sistemas de irrigação; E: Regulamentar o uso de sementes selecionadas"
87;B;1.9957;0.71975;0.11139;2018;Descrição de imagem:Cartaz da década de 1940, intitulado A SAÚDE DA MULHER, apresenta o seguinte texto escrito na grafia da época:ELLA SERIA ADORAVEL ...si não fosse doentiaSó uma saude perfeita póde dar á mulher belleza e encanto capazes de a tornar adoravel aos olhos masculinos!Para ter uma saude assim, tome “A SAUDE DA MULHER”, o remedio que traz no nome o resumo das suas vírtudes. “A SAUDE DA MULHER” regulariza o funccionamento do delicado organismo feminino .O cartaz contém a figura de uma mulher, relaxadamente sentada em uma poltrona, com as mãos na nuca.O anúncio publicitário da década de 1940 reforça os seguintes estereótipos atribuídos historicamente a uma suposta natureza feminina:;"A: Pudor inato e instinto maternal; B: Fragilidade física e necessidade de aceitação; C: Isolamento social e procura de autoconhecimento; D: Dependência econômica e desejo de ostentação; E: Mentalidade fútil e conduta hedonista"
88;C;1.44874;2.04777;0.21786;2018;Descrição de imagem:Gráfico intitulado Participação percentual do extrativismo vegetal e da silvicultura no valor da produção primária florestal – Brasil – 1996-2014.  O eixo vertical corresponde à porcentagem e o eixo horizontal corresponde ao ano.  Uma linha correspondente ao Extrativismo vegetal indica 60 por cento em 1996, descendo para menos de 50 por cento em 1998, permanecendo oscilante nesse patamar até 2002, descendo a menos de 40 por cento em 2003, seguindo nessa tendência até chegar a um pouco mais de 20 por cento em 2014, em valores aproximados.A linha correspondente à Silvicultura indica 40 por cento em 1996, subindo para um pouco mais de 50 por cento em 1998, permanecendo oscilante nesse patamar até 2002, subindo a um pouco mais de 60 por cento em 2003, seguindo nessa tendência até chegar a quase 80 por cento em 2014, em valores aproximados.Visualmente, as linhas partem do eixo vertical separadas, oscilando próximas entre 1997 e 2002, depois seguem em uma tendência de afastamento até 2014, tendo invertido suas posições iniciais. As linhas se opõem simetricamente ao longo do período registrado.Considerando as diferenças entre extrativismo vegetal e silvicultura, a variação das curvas do gráfico foi influenciada pela tendência de;"A: conservação do bioma nativo; B: estagnação do setor primário; C: utilização de madeira de reflorestamento; D: redução da produção de móveis; E: retração da indústria alimentícia"
89;D;2.14361;2.00995;0.17873;2018;No início da década de 1990, dois biólogos importantes, Redford e Robinson, produziram um modelo largamente aceito de “produção sustentável” que previa quantos indivíduos de cada espécie poderiam ser caçados de forma sustentável baseado nas suas taxas de reprodução. Os seringueiros do Alto Juruá tinham um modelo diferente: a quem lhes afirmava que estavam caçando acima do sustentável (dentro do modelo), eles diziam que não, que o nível da caça dependia da existência de áreas de refúgio em que ninguém caçava. Ora, esse acabou sendo o modelo batizado de “fonte-ralo” proposto dez anos após o primeiro por Novaro, Bodmer e o próprio Redford e que suplantou o modelo anterior.No contexto da produção científica, a necessidade de reconstrução desse modelo, conforme exposto no texto, foi determinada pelo confronto com um(a);"A: conclusão operacional obtida por lógica dedutiva; B: visão de mundo marcada por preconceitos morais; C: hábito social condicionado pela religiosidade popular; D: conhecimento empírico apropriado pelo senso comum; E: padrão de preservação construído por experimentação dirigida"
90;E;2.42215;1.58606;0.13283;2018;Na obra Teoria geral da política, Norberto Bobbio escreve:Um dos teóricos da democracia moderna, Hans Kelsen, considera elemento essencial da democracia real (não da democracia ideal, que não existe em lugar algum) o método da seleção dos líderes, ou seja, a eleição. Exemplar, neste sentido, é a afirmação de um juiz da Corte Suprema dos Estados Unidos, por ocasião de uma eleição de 1902: “A cabine eleitoral é o templo das instituições americanas, onde cada um de nós é um sacerdote, ao qual é confiada a guarda da arca da aliança e cada um oficia do seu próprio altar”.As metáforas utilizadas no texto referem-se a uma concepção de democracia fundamentada no(a);"A: justificação teísta do direito; B: rigidez da hierarquia de classe; C: ênfase formalista na administração; D: protagonismo do Executivo no poder; E: centralidade do indivíduo na sociedade"
